순위,제목,저자,출판사,가격
1,유지만 다이어트 레시피,유지만,길벗,"19,800"
2,"첫 여름, 완주",김금희,무제,"15,300"
3,혼모노,성해나,창비,"16,200"
4,청춘의 독서,유시민,웅진지식하우스,"17,010"
5,이재명 자서전,이재명,아시아,"15,120"
6,우리의 낙원에서 만나자,하태완,북로망스,"17,550"
7,단 한 번의 삶,김영하,복복서가,"15,120"
8,만화로 읽으면 안 어려운 천문학,이즐라,더숲,"18,000"
9,안녕이라 그랬어,김애란,문학동네,"15,120"
10,소년이 온다,한강,창비,"13,500"
11,어른의 품격을 채우는 100일 필사 노트,김종원,청림Life,"18,000"
12,어른의 행복은 조용하다,태수,페이지2북스,"16,020"
13,"혹시, 돈 얘기해도 될까요?",주언규,필름,"17,820"
14,왓츠 유어 드림,사이먼 스큅,북파머스,"19,800"
15,같이 읽자는 고백,김소영,이야기장수,"16,650"
16,워런 버핏 웨이,로버트 해그스트롬,상상스퀘어,"29,700"
17,"2025 큰별쌤 최태성의 별별한국사 한국사능력검정시험 심화(1,2,3급) 상",최태성,이투스북,"14,850"
18,모순,양귀자,쓰다,"11,700"
19,ETS 토익 정기시험 기출문제집 1000 Vol. 4 RC,ETS,YBM(와이비엠),"17,820"
20,일과 성공의 길을 묻다,마쓰시타 고노스케,지니의서재,"16,020"
21,결국 국민이 합니다,이재명,오마이북,"19,800"
22,미술관에 간 할미,할미,더퀘스트,"18,900"
23,급류,정대건,민음사,"12,600"
24,"2025 큰별쌤 최태성의 별별한국사 한국사능력검정시험 심화(1,2,3급) 하",최태성,이투스북,"14,400"
25,ETS 토익 정기시험 기출문제집 1000 Vol. 4 LC,ETS,YBM(와이비엠),"17,820"
26,마침내 특이점이 시작된다,레이 커즈와일,비즈니스북스,"27,000"
27,빅 사이클,레이 달리오,한빛비즈,"34,200"
28,위버멘쉬,프리드리히 니체,떠오름,"16,020"
29,초역 부처의 말,코이케 류노스케,포레스트북스,"16,020"
30,멜로우TV 3 : 멜싹오싹 위험한 미션,멜로우 TV,학산문화사(단행본),"15,120"
31,듀얼 브레인,이선 몰릭,상상스퀘어,"18,900"
32,쇼펜하우어 인생수업 : 한 번뿐인 삶 이렇게 살아라 (리커버 에디션),쇼펜하우어,하이스트,"15,750"
33,역사의 시선,전우용,삼인,"17,100"
34,엄마의 말 연습,윤지영,카시오페아,"15,750"
35,순간을 달리는 할머니 1,펀자이씨(엄유진),문학동네,"16,200"
36,행복한 철학자,우애령,하늘재,"17,100"
37,해커스 토익 기출 VOCA (보카),David Cho,해커스어학연구소,"11,610"
38,불멸의 유전자,리처드 도킨스,을유문화사,"22,500"
39,스토너,존 윌리엄스,알에이치코리아(RHK),"15,120"
40,200만 원으로 시작하는 부동산 경매투자,곽상빈,동아엠앤비,"19,800"
41,순간을 달리는 할머니 2,펀자이씨(엄유진),문학동네,"16,200"
42,메리골드 마음 식물원 (아틀리에 컬렉션),윤정은,북로망스,"16,200"
43,믿을 구석 The Last Resort,김멜라,서울국제도서전,"13,500"
44,물질의 세계,에드 콘웨이,인플루엔셜,"26,820"
45,작별하지 않는다,한강,문학동네,"15,120"
46,처음 읽는 그리스 로마 신화 13,최설희,미래엔아이세움,"13,950"
47,이로운 보수 의로운 진보,최강욱,한겨레출판,"18,000"
48,빛과 실,한강,문학과지성사,"13,500"
49,스위치온 다이어트 레시피북,박용우,루미너스,"20,700"
50,넥서스,유발 하라리,김영사,"25,020"
51,토마토 컵라면,차정은,BOOKK(부크크),"8,100"
52,이기적 유전자 The Selfish Gene,리처드 도킨스,을유문화사,"18,000"
53,설민석의 한국사 대모험 33,설민석,단꿈아이,"12,600"
54,흔한남매 19,흔한남매,미래엔아이세움,"14,220"
55,샤워젤과 소다수,고선경,문학동네,"10,800"
56,채식주의자,한강,창비,"15,300"
57,부의 전략 수업,폴 포돌스키,필름,"17,820"
58,에그박사 15,에그박사,미래엔아이세움,"14,220"
59,마음의 기술,안-엘렌 클레르,상상스퀘어,"18,900"
60,하루 한 장 나의 어휘력을 위한 필사 노트,유선경,위즈덤하우스,"21,420"
61,여름 피치 스파클링,차정은,다이브,"10,800"
62,"2025 큰별쌤 최태성의 별별한국사 기출 500제 한국사능력검정시험 심화(1,2,3급)",최태성,이투스북,"17,550"
63,이재명의 나의 소년공 다이어리,이재명,팬덤북스,"12,600"
64,서랍에 저녁을 넣어 두었다,한강,문학과지성사,"10,800"
65,푸른 상자 18 더블특전판,코우지 미우라,학산문화사,"5,400"
66,윈드 브레이커 공식 캐릭터북 극비 노트 특장판,니이 사토루,리디,"29,700"
67,데일 카네기 인간관계론 (50만부 돌파 초판 무삭제 완역본),데일 카네기,현대지성,"10,350"
68,그릿 GRIT,김주환,인플루엔셜,"16,920"
69,너에게 들려주는 단단한 말,김종원,퍼스트펭귄,"16,200"
70,퓨처 셀프 30만 부 기념 스페셜 에디션,벤저민 하디,상상스퀘어,"19,800"
71,세이노의 가르침,세이노(SayNo),데이원,"6,480"
72,초역 채근담,홍자성,부키,"16,200"
73,김재우의 기초 영어회화 100,김재우,상상스퀘어,"17,010"
74,스파이 패밀리 Spy Family 15,엔도 타츠야,학산문화사,"5,400"
75,어서 오세요 실력지상주의 교실에 2학년 편 12.5,키누가사 쇼고,소미미디어,"7,650"
76,코믹 블루록 32 한정판,카네시로 무네유키,학산문화사,"18,000"
77,해커스 일본어 첫걸음 : 일본어 기초 20일 독학 완성!,해커스 일본어연구소,해커스어학연구소,"12,510"
78,"식탁 위의 권력, 미식 경제학",쑤친,이든서재,"16,920"
79,인간 실격,다자이 오사무,민음사,"8,100"
80,저속노화 마인드셋,정희원,웨일북,"17,550"
81,2025 써니 행정법총론 봉투모의고사 (4회),박준철,제이씨에듀,"7,200"
82,니체 인생수업 : 니체가 세상에 남긴 66가지 인생지혜 (리커버 에디션),프리드리히 니체,하이스트,"15,750"
83,부동산 투자 황금 로드맵,김원철,다산북스,"22,500"
84,사과 세탁소 1 : 못 말리는 첫 직원,박보영,한빛에듀,"13,050"
85,마흔에 읽는 쇼펜하우어,강용수,유노북스,"15,300"
86,홍학의 자리,정해연,엘릭시르,"12,600"
87,인생의 컨닝페이퍼,박종경,토네이도,"17,100"
88,긴긴밤,루리,문학동네,"11,250"
89,우리가 타인을 마주할 때,아돌프 크니게,저녁달,"18,900"
90,윤슬의 바다,백은별,바른북스,"13,500"
91,맞춤법 천재라면,박정란,슈크림북,"13,500"
92,학생회에도 구멍은 있다! 9,무치마로,소미미디어,"5,400"
93,칼의 노래,김훈,문학동네,"15,300"
94,"그런 날이 있잖아, 불행을 만났다가 잘 헤어진 날",배서영,캐스팅북스,"16,200"
95,2025 문동균 한국사 지방직 대비 실전 봉투모의고사,문동균,에스티유니타스,"10,800"
96,2025 제16회 젊은작가상 수상작품집,백온유,문학동네,"6,930"
97,파과 (리커버),구병모,위즈덤하우스,"14,220"
98,나는 월급쟁이 배당 부자가 되었다,환상감자(이은호),길벗,"19,800"
99,빨간내복야코 국어 3 : 어휘 절대 안 틀리는 책,빨간내복야코,위즈덤하우스,"12,600"
100,여름,이디스 워튼,민음사,"10,800"
101,타키 포오 코믹 어드벤처 8,캐릭온TV,대원씨아이(단행)(대원키즈),"13,050"
102,만화 나 혼자만 레벨업 14,추공,디앤씨웹툰비즈,"14,400"
103,의사 어벤저스 22,고희정,가나출판사,"14,220"
104,초역 부처의 말 필사집,코이케 류노스케,포레스트북스,"19,800"
105,코스모스,칼 에드워드 세이건,사이언스북스,"17,910"
106,인생을 바꾸는 이메일 쓰기,이슬아,이야기장수,"16,020"
107,경험의 멸종,크리스틴 로젠,어크로스,"17,820"
108,어쩌다 좋은 일이 생길지도,요시타케 신스케,주니어김영사,"12,600"
109,흔한남매 과학 탐험대 14 화학 반응,흔한남매,주니어김영사,"15,120"
110,자유론,존 스튜어트 밀,책세상,"8,910"
111,사피엔스,유발 하라리,김영사,"24,120"
112,블루 록 -Episode 나기- 6,카네시로 무네유키,학산문화사,"5,400"
113,한국형 모멘텀 투자 실전 매매법,이가근,메이트북스,"21,600"
114,괴수 8호 15 트리플특장판,마츠모토 나오야,서울미디어코믹스(서울문화사),"5,400"
115,내가 나라서 정말 좋아,김지훤,길벗,"15,120"
116,"마침내, 안녕",유월,서사원,"15,300"
117,신중년 꿈을 이루다,권미경,커리어컨설팅,"16,200"
118,세상을 움직이는 놀라운 화학,표트르 발치트,미디어숲,"16,920"
119,단 3개의 미국 ETF로 은퇴하라,김지훈(포메뽀꼬),리더스북,"17,820"
120,ETS 토익기출 파트별 VOCA 보카,ETS,YBM(와이비엠),"11,700"
121,2025 신용한 행정학 실전과 가장 유사한 지방직 9급 모의고사,신용한,메가공무원(넥스트스터디),"14,400"
122,붙잡지 않는 삶,에크하르트 톨레,스노우폭스북스,"17,820"
123,나는 소망한다 내게 금지된 것을,양귀자,쓰다,"13,500"
124,질문의 격,유선경,앤의서재,"16,020"
125,2025 선재국어 최우선 실전 봉투 모의고사,이선재,수비니겨,"16,200"
126,돈의 심리학 (30만 부 기념 스페셜 에디션),모건 하우절,인플루엔셜,"17,820"
127,데일 카네기 자기관리론,데일 카네기,현대지성,"10,350"
128,지극히 사적인 일본,나리카와 아야,틈새책방,"19,800"
129,부글부글 과자 공장,유하은,다산어린이,"15,120"
130,이처럼 사소한 것들,클레어 키건,다산책방,"12,420"
131,우린 아직 인터루드에 있어,엘 캐피탄,비에이블,"16,200"
132,루리 드래곤 3,신도 마사오키,서울미디어코믹스(서울문화사),"5,400"
133,행동은 불안을 이긴다,롭 다이얼,서삼독,"18,000"
134,2025 시대에듀 한국실용글쓰기 실제 기출로 끝내기,이원근,시대고시기획 시대교육,"18,000"
135,마음에 힘이 되는 하루 한 문장 영어 필사,위혜정,센시오,"19,800"
136,행동하지 않으면 인생은 바뀌지 않는다,브라이언 트레이시,현대지성,"15,210"
137,영어로 문장 만들기 훈련 1차 임계점,유은하,사람in,"19,800"
138,뿐이 토핑 이유식,정주희,서사원,"26,820"
139,28시간에 끝내는 토익스피킹 스타트,황인기,시원스쿨닷컴,"16,110"
140,데미안,헤르만 헤세,민음사,"7,200"
141,료의 생각 없는 생각,료,열림원,"18,000"
142,최애의 아이 16,아카사카 아카,대원,"7,110"
143,"엔비디아 젠슨 황, 생각하는 기계",스티븐 위트,알에이치코리아(RHK),"25,200"
144,살아갈 날들을 위한 괴테의 시,김종원,퍼스트펭귄,"17,100"
145,여름을 한 입 베어 물었더니,이꽃님,문학동네,"11,250"
146,자유론,존 스튜어트 밀,현대지성,"7,920"
147,1984,조지 오웰,민음사,"9,900"
148,비전공자도 이해할 수 있는 챗GPT,박상길,비즈니스북스,"17,550"
149,해커스 토익 RC Reading(리딩) 기본서,David Cho,해커스어학연구소,"16,920"
150,어서 오세요 실력지상주의 교실에 1학년 편 공식 가이드북 First File,키누가사 쇼고,소미미디어,"9,900"
151,소설 보다 : 여름 2025,김지연,문학과지성사,"4,950"
152,단 한 줄만 내 마음에 새긴다고 해도,나민애,포레스트북스,"21,420"
153,그래서 이런 법이 생겼대요,우리누리,길벗스쿨,"13,500"
154,손실은 짧게 수익은 길게,깡토,이레미디어,"22,500"
155,왜 그들만 부자가 되는가,필립 바구스,북모먼트,"19,800"
156,내가 한 말을 내가 오해하지 않기로 함,문상훈,위너스북,"17,820"
157,적절한 좌절,김경일,저녁달,"18,000"
158,세이노의 가르침 100만 부 기념 특별보급판,세이노(SayNo),데이원,"4,500"
159,해커스 토익 LC Listening(리스닝) 기본서,David Cho,해커스어학연구소,"16,920"
160,돈의 속성 400쇄 리커버,김승호,스노우폭스북스,"16,020"
161,식탐 해방,저드슨 브루어,푸른숲,"17,820"
162,마침내 멸망하는 여름,정,BOOKK(부크크),"9,900"
163,어른의 기분 관리법,손힘찬,어센딩,"15,120"
164,구의 증명,최진영,은행나무,"10,800"
165,ETS 토익 단기공략 750+ (LC+RC),ETS,YBM(와이비엠),"16,200"
166,신광은 1개년 최신판례 선택형 OX,신광은,느루,"13,500"
167,2025 투자자산운용사 실제유형 모의고사 + 특별부록 PASSCODE Premium ver 10,유창호,시대고시기획 시대교육,"49,500"
168,인생의 연금술,이하영,웅진지식하우스,"16,650"
169,슈뻘맨의 숨은 과학 찾기 6,슈뻘맨,미래엔아이세움,"13,500"
170,제로 투 원 (10주년 기념판),피터 틸,한국경제신문사(한경비피),"16,200"
171,히카루가 죽은 여름 6 특별판,모쿠모쿠렌,디앤씨미디어(D&C미디어),"22,500"
172,"내가 연인이 될 수 있을 리 없잖아, 무리무리! (※무리가 아니었다?!) 7",미카미 테렌,소미미디어,"9,450"
173,이재명 평전,방현석,아시아,"22,500"
174,독학으로 끝내는 공기업 NCS 통합기본서 (PSAT형+모듈형+피듈형),길잡이연구소,애드투북스,"24,300"
175,총 균 쇠,재레드 다이아몬드,김영사,"26,820"
176,안녕! 내 친구 코야,작은북,블루래빗,"25,650"
177,마법천자문 67,알에스미디어,아울북,"14,220"
178,과자 사면 과학 드립니다,정윤선,풀빛,"13,500"
179,토막 난 우주를 안고서,김초엽,허블,"15,300"
180,슈퍼 히어로의 방귀 작전,안영은,주니어김영사,"12,600"
181,돈의 흐름은 되풀이된다,홍춘욱,포르체,"17,100"
182,실패를 성공으로 바꾸는 주식투자의 기술,정재호,프런트페이지,"18,900"
183,내가 틀릴 수도 있습니다,비욘 나티코 린데블라드,다산초당,"16,200"
184,쓸 만한 인간,박정민,상상출판,"12,780"
185,문병로 교수의 메트릭 스튜디오,문병로,김영사,"16,110"
186,달리기를 말할 때 내가 하고 싶은 이야기,무라카미 하루키,문학사상,"13,050"
187,설민석의 삼국지 대모험 22,단꿈아이,단꿈아이,"12,600"
188,스파클,최현진,창비,"13,500"
189,환율의 대전환,오건영,포레스트북스,"24,300"
190,행복할 거야 이래도 되나 싶을 정도로,일홍,부크럼,"16,200"
191,이방인,알베르 까뮈,민음사,"9,000"
192,싯다르타,헤르만 헤세,민음사,"7,200"
193,읽으면서 바로 써먹는 어린이 초등 교과 어휘,한날,파란정원,"11,700"
194,어른의 기분 관리법 : 심리학편,손힘찬,어센딩,"16,200"
195,5번 레인,은소홀,문학동네,"11,250"
196,내가 나라서 정말 좋아 필사 에디션,김지훤,길벗,"17,820"
197,내게 남은 스물다섯 번의 계절,슈테판 셰퍼,서삼독,"15,120"
198,중등 신문 읽기 1 인문 예술,조찬영,가로책길,"19,800"
199,황현필의 진보를 위한 역사,황현필,역바연,"19,800"
200,더 나은 어휘를 쓰고 싶은 당신을 위한 필사책,이주윤,빅피시,"19,800"
201,좋은 일이 오려고 그러나 보다 (리커버판),박여름,히읏,"15,120"
202,내면소통,김주환,인플루엔셜,"29,700"
203,위대한 개츠비,F. 스콧 피츠제럴드,민음사,"8,100"
204,참을 수 없는 존재의 가벼움,밀란 쿤데라,민음사,"15,300"
205,"입어주세요, 타카미네 양 9",히이라기 유이치,소미미디어,"5,400"
206,천 년 집사 백 년 고양이 2,추정경,래빗홀,"15,120"
207,카구라바치 5 더블특전판,호카조노 타케루,대원,"5,850"
208,해커스 토익 실전 LC+RC 3 (모의고사+해설집),해커스 어학연구소,해커스어학연구소,"17,010"
209,시한부,백은별,바른북스,"15,120"
210,오만과 편견,제인 오스틴,민음사,"11,700"
211,정재승의 인간 탐구 보고서 17,정재은,아울북,"15,120"
212,중등 신문 읽기 2 사회 문화,조찬영,가로책길,"19,800"
213,아이의 어휘력을 위한 66일 필사 노트,김종원,데이스타,"16,650"
214,바움가트너,폴 오스터,열린책들,"16,020"
215,알사탕,백희나,스토리보울,"13,500"
216,해커스 여행일본어 10분의 기적,해커스 일본어연구소,해커스어학연구소,"8,820"
217,별의 커비 울트라 슈퍼 푸푸푸 히어로 2,아오키 케이&미카마루,다산어린이,"9,900"
218,코미 양은 커뮤증입니다 31,오다 토모히토,소미미디어,"5,400"
219,썰레임 꿈의 악마 1 : 꿈을 파는 가게,썰레임,학산문화사(단행본),"15,120"
220,별에게,안녕달,창비,"15,120"
221,착! 붙는 일본어 독학 첫걸음,일본어 공부기술연구소,시사일본어사,"15,120"
222,김재우의 영어회화 100,김재우,상상스퀘어,"19,800"
223,백년허리2 치료편,정선근,언탱글링,"16,650"
224,"나태주, 시간의 쉼표",나태주,서울문화사,"14,220"
225,페인트,이희영,창비,"11,700"
226,자본주의,EBS 〈자본주의〉제작팀,가나출판사,"19,800"
227,비스킷 2,김선미,위즈덤하우스,"13,320"
228,방구석 미술관 3,조원재,블랙피쉬,"16,920"
229,똑게육아,로리(김준희),북로스트,"19,980"
230,물고기는 존재하지 않는다,룰루 밀러,곰출판,"15,300"
231,부자 아빠 가난한 아빠 20주년 특별 기념판,로버트 기요사키,민음인,"15,300"
232,면도날,윌리엄 서머싯 몸,민음사,"11,700"
233,눈물을 마시는 새 세트,이영도,황금가지,"52,200"
234,만화로 보는 1분 철학 관계수업,서정욱,중앙북스(books),"16,650"
235,시든 꽃에 눈물을 1~2 세트,개,네이버웹툰유한회사,"28,800"
236,일의 감각,조수용,레퍼런스 바이 비(REFERENCE by B),"19,800"
237,동사×전치사 도감,권은희,길벗이지톡,"17,820"
238,죽이고 싶은 아이 2,이꽃님,우리학교,"12,600"
239,한 권으로 끝내는 해커스 토익 700+ (LC+RC+VOCA),해커스 어학연구소,해커스어학연구소,"17,820"
240,당신의 이름을 지어다가 며칠은 먹었다,박준,문학동네,"10,800"
241,고래눈이 내리다,김보영,래빗홀,"15,120"
242,오역하는 말들,황석희,북다,"15,120"
243,무적 이순신 6,박지연,아울북,"15,120"
244,아이가 친구 때문에 울 때,윤지영,서교책방,"16,020"
245,건전지 할머니,강인숙,창비,"15,120"
246,부모의 말 수업,힐랄 비릿,피카(FIKA),"18,900"
247,내면소통 명상수업,김주환,인플루엔셜,"25,200"
248,너를 미워할 시간에 나를 사랑하기로 했다,윤서진,스몰빅라이프,"16,920"
249,2025 이기적 컴퓨터활용능력 2급 필기+실기 올인원,홍태성,영진닷컴,"26,100"
250,박태웅의 AI 강의 2025,박태웅,한빛비즈,"16,920"
251,불변의 법칙,모건 하우절,서삼독,"22,500"
252,죽이고 싶은 아이,이꽃님,우리학교,"11,250"
253,노르웨이의 숲,무라카미 하루키,민음사,"15,300"
254,구르브 연락 없다,에두아르도 멘도사,민음사,"9,900"
255,코믹 블루록 32,카네시로 무네유키,학산문화사,"5,400"
256,데일 카네기 내면성장론,데일 카네기,현대지성,"15,210"
257,아몬드 (청소년판),손원평,다즐링,"15,120"
258,줬으면 그만이지,김주완,피플파워,"18,000"
259,그릿 (50만 부 판매 기념 리커버 골드에디션),앤절라 더크워스,비즈니스북스,"16,200"
260,웬만해선 아무렇지 않다,이기호,마음산책,"11,250"
261,기울어진 평등,토마 피케티,와이즈베리,"16,020"
262,김전일 37세의 사건부 18,아기 타다시,서울미디어코믹스(서울문화사),"4,950"
263,2025 심우철 실전 동형 모의고사 Season 4,심우철,심슨북스,"12,960"
264,무의식은 어떻게 나를 설계하는가,데이비드 이글먼,알에이치코리아(RHK),"22,500"
265,길 위의 뇌,정세희,한스미디어,"17,550"
266,포스 윙,레베카 야로스,북폴리오,"23,400"
267,함께 가는 길은 외롭지 않습니다 (당선 기념 리커버 에디션),이재명,위즈덤하우스,"15,120"
268,어린 왕자 오리지널 초판본,앙투안 드 생텍쥐페리,코너스톤(도서),"2,970"
269,"책문, 이 시대가 묻는다",김태완,현자의마을,"19,800"
270,진짜 하루만에 이해하는 해운·조선 산업,김성훈,티더블유아이지,"22,320"
271,공부머리를 역전하는 7가지 진로 공부법,앤디 림,온더페이지,"16,200"
272,산 루이스 레이의 다리,손턴 와일더,클레이하우스,"15,300"
273,친구가 상처 줄 때 똑똑하게 나를 지키는 법,이현아,한빛에듀,"15,120"
274,그녀를 지키다,장바티스트 앙드레아,열린책들,"19,800"
275,내가 원하는 것을 나도 모를 때,전승환,북로망스,"19,800"
276,찌그러져도 동그라미입니다,김창완,웅진지식하우스,"16,020"
277,세상의 마지막 기차역,무라세 다케시,모모,"12,600"
278,해커스 JLPT(일본어능력시험)기출단어장 N5-N3,해커스 JLPT 연구소,해커스어학연구소,"12,510"
279,전설로 떠나는 월가의 영웅,피터 린치,국일증권경제연구소,"23,400"
280,관촌수필,이문구,문학과지성사,"15,300"
281,희랍어 시간,한강,문학동네,"11,700"
282,이게 되네? 챗GPT 미친 활용법 71제,오힘찬,골든래빗,"21,600"
283,2025 해커스 투자자산운용사 한권합격 핵심개념+적중문제,백영,해커스금융,"33,210"
284,ETS 토익 단기공략 850+ (LC+RC),ETS,YBM(와이비엠),"17,550"
285,한밤중 하트튠 5,이가라시 마사쿠니,학산문화사,"5,400"
286,남자를 싫어하는 미인 자매를 이름도 알리지 않고 구해주면 어떻게 될까? 6,묭,소미미디어,"9,000"
287,한 권으로 끝내는 해커스 토익 800+ (LC+RC+VOCA),해커스 어학연구소,해커스어학연구소,"15,930"
288,Go Go 카카오프렌즈 36 포르투갈,김미영,아울북,"15,120"
289,장돌이네 떡집,김리리,비룡소,"11,700"
290,침묵의 퍼레이드,히가시노 게이고,재인,"19,620"
291,임신 출산 육아 대백과 최신개정판,,삼성출판사,"17,550"
292,순례 주택,유은실,비룡소,"13,500"
293,삐뽀삐뽀 119 이유식,하정훈,유니책방,"17,010"
294,죄와 벌 1,표도르 도스토예프스키,민음사,"9,900"
295,마당을 나온 암탉,황선미,사계절,"11,520"
296,누구도 대신 살아 주지 않는다,브라이언 트레이시,오픈도어북스,"15,120"
297,나는 왜 아무것도 하기 싫을까,배종빈,포레스트북스,"16,200"
298,현자의 제자를 자칭하는 현자 21,류센 히로츠구,소미미디어,"9,900"
299,굿 에너지,케이시 민스,한국경제신문,"22,500"
300,아홉 살에 시작하는 똑똑한 초등신문 3,신효원,책장속북스,"17,550"
301,결핍은 우리를 어떻게 변화시키는가,센딜 멀레이너선,빌리버튼,"22,320"
302,빅 트레이더의 주도주 매매법,서희파더(이재상),이레미디어,"31,500"
303,시계토끼 기본 토익스피킹,Jenny Cha,시계토끼,"23,400"
304,거꾸로 읽는 세계사,유시민,돌베개,"15,750"
305,2026 써니 행정법총론 행정법으로의 초대,박준철,제이씨에듀,"4,050"
306,오닉스 스톰 1,레베카 야로스,북폴리오,"17,100"
307,"남녀의 우정은 성립할까? (아니, 하지 않아!!) 1",나나나 나나,소미미디어,"7,650"
308,두선생의 지도로 읽는 세계사 : 동양 편,한영준,21세기북스,"21,600"
309,이재명 시대 경제 대예측,매일경제 경제부,매일경제신문사,"19,800"
310,영원의 여름,운,BOOKK(부크크),"8,000"
311,비실비실 선생님 6,후쿠치 카미오,대원,"5,400"
312,대한민국 마지막 기회가 온다,김태유,서울대학교출판문화원,"17,820"
313,영어가 바로 터지는 기적의 말하기 영단어 1000,이시원,시원스쿨닷컴,"8,100"
314,초등일타과학,이광렬,코리아닷컴(Korea.com),"17,010"
315,해커스 JLPT N3(일본어능력시험) 한권합격,해커스 JLPT 연구소,해커스어학연구소,"24,300"
316,아이의 뇌,김붕년,포레스트북스,"16,020"
317,2025 이기적 컴퓨터활용능력 1급 필기+실기 올인원,홍태성,영진닷컴,"36,000"
318,대온실 수리 보고서,김금희,창비,"16,200"
319,제철 행복,김신지,인플루엔셜,"16,020"
320,미움받을 용기 (200만 부 기념 스페셜 에디션),기시미 이치로,인플루엔셜,"14,310"
321,"왜 유명한 거야, 이 그림?",이유리,우리학교,"12,600"
322,JLPT(일본어능력시험) 한권으로 끝내기 N3,이치우,다락원,"24,300"
323,지적 대화를 위한 넓고 얕은 지식 1,채사장,웨일북,"17,100"
324,죄와 벌 2,표도르 도스토예프스키,민음사,"9,900"
325,참을 수 없는 존재의 가벼움,밀란 쿤데라,민음사,"11,700"
326,요리를 한다는 것,최강록,클,"16,200"
327,철도교통안전관리자 10일 완성 기출문제집,황승순,(주)박영사,"26,100"
328,설민석의 세계사 대모험 25,설민석,단꿈아이,"13,500"
329,너를 너무너무너무너무 좋아하는 100명의 그녀 18,나카무라 리키토,학산문화사,"5,400"
330,2025 해커스 LH 한국토지주택공사 NCS+전공 봉투모의고사,해커스 NCS 취업교육연구소,해커스잡,"21,600"
331,낭만 강아지 봉봉 8,홍민정,다산어린이,"12,600"
332,쇼펜하우어 인생수업 2 : 한 번뿐인 삶 이렇게 살아라,쇼펜하우어,하이스트,"15,750"
333,흰,한강,문학동네,"13,050"
334,스쳐지나갈 것들로 인생을 채우지 마라,고은미,한밤의책,"15,300"
335,이동 평균선 투자법,고지로 강사,이레미디어,"15,300"
336,이 지랄맞음이 쌓여 축제가 되겠지,조승리,달,"15,120"
337,나는 메트로폴리탄 미술관의 경비원입니다 (20만 부 양장 에디션),패트릭 브링리,웅진지식하우스,"15,750"
338,일본어 무작정 따라하기 완전판,후지이 아사리,길벗이지톡,"23,400"
339,당신은 결국 무엇이든 해내는 사람,김상현,필름,"15,300"
340,소년과 두더지와 여우와 말,찰리 맥커시,상상의힘,"16,200"
341,이토록 공부가 재미있어지는 순간,박성혁,다산북스,"16,200"
342,토요일의 심리클럽,김서윤,창비,"12,600"
343,화가의 사람들,최연욱,온더페이지,"16,920"
344,To LOVE 투 러브 (트러블) 다크니스 리커버 6,하세미 사키,서울미디어코믹스(서울문화사),"11,700"
345,이재명의 굽은 팔,이재명,김영사,"15,120"
346,도시문헌학자 김시덕의 강남,김시덕,인플루엔셜,"21,600"
347,평생 투자자,무라카미 요시아키,에프엔미디어,"19,800"
348,긴키 지방의 어느 장소에 대하여,세스지,반타,"15,120"
349,어린이를 위한 철학자의 말,김종원,윌마,"17,010"
350,지적 대화를 위한 넓고 얕은 지식 무한,채사장,웨일북,"17,100"
351,"2024.2025 큰별쌤 최태성의 별별한국사 시대별 기출문제집 한국사능력검정시험 심화(1,2,3급)",최태성,이투스북,"17,550"
352,하우스메이드,프리다 맥파든,북플라자,"14,850"
353,엄마 도감,권정민,웅진주니어,"11,700"
354,슈퍼 히어로의 똥 닦는 법,안영은,책읽는곰,"10,800"
355,생각에 관한 생각,대니얼 카너먼,김영사,"26,820"
356,해커스 보카 Hackers Vocabulary,David Cho,해커스어학연구소,"15,210"
357,세일즈맨의 죽음,아서 밀러,민음사,"8,100"
358,수박 수영장,안녕달,창비,"12,600"
359,2026 SO NICE 백소나 소방관계법규 2,백소나,더나은,"26,100"
360,야간비행,앙투안 드 생텍쥐페리,문학동네,"9,000"
361,2026 심승아 Simple‧Detail 심테일 소방관계법규 2,심승아,메가공무원(넥스트스터디),"27,000"
362,치유의 빛,강화길,은행나무,"16,200"
363,타키 포오 네버 다이 과학 어드벤처 1 : 우주로 딥 다이브!,캐릭온TV,대원씨아이(단행)(대원키즈),"14,220"
364,봄의 폭풍과 몬스터 6,미츠바치 미유키,학산문화사,"5,400"
365,완벽한 종목 추천,폴 존슨,에프엔미디어,"22,500"
366,부모의 내면이 아이의 세상이 된다,대니얼 J. 시겔,페이지2북스,"17,820"
367,이중 하나는 거짓말,김애란,문학동네,"14,400"
368,진짜 쓰는 실무 엑셀,전진권,제이펍,"18,900"
369,백년허리1 진단편,정선근,언탱글링,"16,650"
370,천 개의 파랑,천선란,허블,"15,300"
371,5년 후 나에게 - Q&A a day (오리지널),포터 스타일,토네이도,"19,800"
372,[예스리커버] 저속노화 식사법,정희원,테이스트북스,"17,100"
373,부덕의 길드 14,카와조에 타이치,학산문화사,"7,200"
374,나츠메 우인장 31,미도리카와 유키,학산문화사,"5,400"
375,수면의 뇌과학,크리스 윈터,현대지성,"16,200"
376,길고양이와 늑대 5 더블특전판,미츠바치 미유키,학산문화사,"5,400"
377,그냥 하는 사람,김한균,온포인트,"16,920"
378,알트코인으로 졸업합니다,김동환,국일증권경제연구소,"18,000"
379,게으르게 살지만 부자는 되고 싶어,예프리,모티브,"16,020"
380,처음 읽는 삼국지 2,이문열,미래엔아이세움,"13,950"
381,고독한 용의자,찬호께이,위즈덤하우스,"17,550"
382,이제서야 이해되는 금강경,원영,불광출판사,"16,200"
383,오백 년째 열다섯 4,김혜정,위즈덤하우스,"13,050"
384,블랙북,김하연,슈크림북,"12,600"
385,2025 이지패스 ADsP 데이터분석 준전문가,전용문,위키북스,"27,000"
386,시지프 신화,알베르 까뮈,민음사,"10,800"
387,연필 스케치,권영애,미진사,"18,000"
388,2025 써니 행정법총론 실전동형 모의고사,박준철,에스티유니타스,"12,600"
389,2025 EBS 물류관리사 단기완성,전표훈,신지원,"36,000"
390,요즘 디자인을 위한 포토샵 & 일러스트레이터,서영열,시프트,"23,400"
391,히카루가 죽은 여름 6,모쿠모쿠렌,디앤씨미디어(D&C미디어),"5,850"
392,하종화 계리직 우편·예금·보험일 파이널 동형 모의고사 5회차,하종화,오스틴북스,"13,500"
393,넥스트 액터 최현욱,백은하,백은하배우연구소,"18,000"
394,비트코인의 시대,김창익,다산북스,"22,500"
395,야구×수학,류선규,페이스메이커,"21,600"
396,이재명의 길,박시백,비아북,"16,200"
397,드디어 만나는 경제학 수업,미셸 케이건,현대지성,"16,920"
398,퇴마록 국내편 1,이우혁,반타,"19,800"
399,흔한남매의 흔한 호기심 13,흔한남매,미래엔아이세움,"13,500"
400,만화로 보는 3분 철학 세트,김재훈,카시오페아,"44,640"
401,손자병법:세상의 모든 전략과 전술,손무,교보문고,"20,520"
402,리얼 도쿄,양미석,한빛라이프,"18,900"
403,"2025·2026 큰별쌤 최태성의 별별한국사 한국사능력검정시험 기본(4,5,6급)",최태성,이투스북,"17,550"
404,파리대왕,윌리엄 골딩,문예출판사,"7,200"
405,ETS 토익 단기공략 950+ (LC+RC),ETS,YBM(와이비엠),"17,550"
406,해독 혁명,닥터 라이블리,웅진지식하우스,"16,650"
407,구슬쥬네 공부의 숲,구슬쥬,다산에듀,"16,650"
408,나는 오래된 거리처럼 너를 사랑하고,진은영,문학과지성사,"10,800"
409,부의 추월차선 (10주년 스페셜 에디션),엠제이 드마코,토트출판사,"15,750"
410,너도 하늘말나리야,이금이,밤티,"11,250"
411,지적 대화를 위한 넓고 얕은 지식 2,채사장,웨일북,"17,100"
412,패권의 비밀,김태유,서울대학교출판문화원,"23,000"
413,삐뽀삐뽀 119 소아과,하정훈,유니책방,"26,820"
414,꽃을 보듯 너를 본다,나태주,지혜,"11,700"
415,삶으로 다시 떠오르기,에크하르트 톨레,연금술사,"21,600"
416,고백,미나토 가나에,비채,"13,320"
417,동물농장,조지 오웰,민음사,"7,200"
418,예수님의 육성 도마복음,도올 김용옥,통나무,"24,300"
419,팔견전 21,아베 미유키,소미미디어,"5,400"
420,똑게육아 올인원,로리(김준희),북로스트,"18,450"
421,REAL 리얼 16,이노우에 다케히코,대원,"5,850"
422,된다! 하루 만에 끝내는 챗GPT 활용법,프롬프트 크리에이터,이지스퍼블리싱,"18,000"
423,최애의 아이 16 특별판,아카사카 아카,대원,"35,100"
424,진짜의 마인드,김찬희(김진짜),터닝페이지,"16,650"
425,원펀맨 ONE PUNCH MAN 32,ONE,대원,"5,400"
426,부서지는 아이들,애비게일 슈라이어,웅진지식하우스,"19,800"
427,설민석의 한국사 대모험 32,설민석,단꿈아이,"12,600"
428,초판본 하늘과 바람과 별과 시,윤동주,더스토리,"2,690"
429,식단 혁명,조지아 에데,메디치미디어,"28,800"
430,내가 본 미래,타츠키 료,도토리,"11,970"
431,처음부터 시작하는 주식투자 단타전략,홍인기,길벗,"18,900"
432,내가 아직 쓰지 않은 것,최승호 외,문학동네,"2,700"
433,비스킷,김선미,위즈덤하우스,"13,320"
434,이걸 내 마음이라고 하자,황인찬,문학동네,"10,800"
435,여름 외투,김은지,문학동네,"10,800"
436,나의 돈 많은 고등학교 친구,송희구,서삼독,"16,200"
437,레이건 일레븐,폴 켄고르,열아홉,"14,400"
438,아주 작은 습관의 힘,제임스 클리어,비즈니스북스,"14,400"
439,용의자 X의 헌신,히가시노 게이고,재인,"16,920"
440,정확한 사랑의 실험,신형철,마음산책,"14,400"
441,매듭의 끝,정해연,현대문학,"15,120"
442,ETS 토익 정기시험 기출문제집 1000 Vol.3 LISTENING 리스닝,ETS,YBM(와이비엠),"16,020"
443,여친을 빼앗은 꽃미남 미소녀가 어째선지 나까지 노리고 있다 2,후쿠다 슈토,소미미디어,"7,650"
444,2026 문동균 한국사 한 권으로 모든 것을 정리하는 판서노트,문동균,에스티유니타스,"15,300"
445,큰별쌤 최태성의 한국사신문 1 : 선사~통일 신라와 발해,최태성,아이스크림북스,"16,200"
446,2026 이유진 국어 독해 알고리즘 코어,이유진,에스티유니타스,"19,800"
447,잠자고 싶은 토끼,칼-요한 포셴 엘린,윌마,"15,120"
448,10대를 위한 비트코인과 화폐의 역사,김지훈,체인지업,"16,920"
449,조개껍데기를 찾으면,에이미 시쿠로,FIKAJUNIOR(피카주니어),"14,400"
450,괴수 8호 RELAX 1,마츠모토 나오야,서울미디어코믹스(서울문화사),"5,400"
451,요즘 교사를 위한 AI 수업 활용 가이드 with 2022 개정 교육과정,박진환,한빛미디어,"18,000"
452,마중도 배웅도 없이,박준,창비,"10,800"
453,2025 이동기 영어 신경향 직전동형 모의고사 Vol.2,(주)이앤미래(이동기),지금(도서출판),"13,500"
454,커서 AI 트렌드&활용백과,서승완,스마트북스,"22,500"
455,이호선의 나이 들수록 : 관계편,이호선,은행나무,"17,100"
456,혼자서도 잘하는 첫 한글 쓰기 1,길벗놀이학습연구소,길벗스쿨,"6,750"
457,AI 리터러시 : 인공지능 필수 지식부터 완벽 활용까지,김용성,프리렉,"22,500"
458,백년목2 치료편,정선근,언탱글링,"19,800"
459,[예스리커버] 부모의 어휘력 벚꽃 에디션,김종원,카시오페아,"17,100"
460,홀썸의 집밥 예찬,홀썸모먼트,다산라이프,"22,500"
461,여행의 이유,김영하,복복서가,"15,120"
462,용선생 교과서 세계사 2,사회평론 역사연구소,사회평론,"14,400"
463,용선생 교과서 세계사 1,사회평론 역사연구소,사회평론,"14,400"
464,최소한의 한국사,최태성,프런트페이지,"16,200"
465,아직도 가야 할 길,M.스캇 펙,율리시즈,"19,800"
466,우중괴담,미쓰다 신조,북로드,"15,120"
467,불편한 편의점,김호연,나무옆의자,"15,120"
468,사랑의 기술,에리히 프롬,문예출판사,"15,300"
469,체리새우 : 비밀글입니다,황영미,문학동네,"10,350"
470,핑크펭귄,빌 비숍,스노우폭스북스,"13,500"
471,원씽 THE ONE THING,게리 켈러,비즈니스북스,"15,120"
472,노인과 바다,어네스트 밀러 헤밍웨이,민음사,"7,200"
473,책과 노니는 집,이영서,문학동네,"11,250"
474,말테의 수기,라이너 마리아 릴케,민음사,"11,700"
475,달과 6펜스,윌리엄 서머싯 몸,민음사,"9,000"
476,ETS 토익 정기시험 기출문제집 1000 Vol.3 READING 리딩,ETS,YBM(와이비엠),"16,020"
477,인생 녹음 중,인생 녹음 중,김영사,"15,300"
478,2025 AI 트렌드 100,Ai100연구소,골든래빗,"21,600"
479,어제보다 조금 더 깊이 걸었습니다,김용규,디플롯,"17,820"
480,"오늘 밤, 세계에서 이 사랑이 사라진다 해도",이치조 미사키,모모,"12,600"
481,스파이 패밀리 노벨라이즈 2,와다 히토미,학산문화사,"7,200"
482,코믹 고블린 슬레이어 외전 : 이어 원 12,카규 쿠모,디앤씨미디어(D&C미디어),"5,850"
483,전지적 원어민 시점 보이는 영문법,주지후,드림스쿨,"19,350"
484,예수 동행 오직 믿음,유기성,규장,"13,500"
485,켄 피셔 불변의 차트 90,켄 피셔,한국경제신문,"27,000"
486,얼굴만으론 좋아할 수 없어요 13,안자이 카린,서울미디어코믹스(서울문화사),"5,400"
487,역사 쌤과 함께하는 한국사 도장 깨기 2. 서울 (근현대),송치중,라임,"13,320"
488,더 코워커,프리다 맥파든,해피북스투유,"16,650"
489,경찰 헌법도약 기출문제집,이국령,윌비스,"36,000"
490,30분 만에 뚝딱! 빨간우산의 두유제조기 이유식 레시피북,채인영,BOOKK(부크크),"20,900"
491,미국 주식이 답이다 2026,장우석,페이지2북스,"23,400"
492,딱 맞는 돌을 찾으면,메리 린 레이,FIKAJUNIOR(피카주니어),"14,400"
493,80대20 러닝 훈련법,맷 피츠제럴드,빌리버튼,"17,100"
494,된다! 조회수 터지는 유튜브 쇼츠 만들기,최지영,이지스퍼블리싱,"19,800"
495,어느 날 문이 사라졌다,김은영,문학동네,"12,150"
496,부모의 질문력,김종원,다산북스,"18,000"
497,2025 지텔프 공식 기출문제집,시원스쿨어학연구소,시원스쿨닷컴,"19,620"
498,2025 위포트 공기업 NCS 통합기본서 (PSAT형+모듈형+피듈형+실전 모의고사),위포트 연구소,위포트,"24,300"
499,2025 시나공 컴퓨터활용능력1급 필기 기출문제집,길벗알앤디,길벗,"15,300"
500,멜로우TV 1 : 멜랑뚱땅 타워 탈출기,멜로우 TV,학산문화사(단행본),"15,120"
501,중등 필독 신문,이현옥,체인지업,"16,020"
502,말하고 싶은 비밀,사쿠라 이이요,모모,"15,120"
503,대화의 정석,정흥수(흥버튼),피카(FIKA),"16,650"
504,루리 드래곤 1,신도 마사오키,서울미디어코믹스(서울문화사),"5,400"
505,레버리지,롭 무어,다산북스,"16,200"
506,기분이 태도가 되지 말자,김수현(훈글),하이스트,"15,300"
507,왜 나는 너를 사랑하는가,알랭 드 보통,청미래,"12,600"
508,초역 니체의 말,프리드리히 니체,삼호미디어,"14,220"
509,잘했고 잘하고 있고 잘 될 것이다 (50만 부 기념 전면 개정판),정영욱,부크럼,"16,200"
510,빅터 프랭클의 죽음의 수용소에서,빅터 프랭클,청아출판사,"8,820"
511,달러는 왜 비트코인을 싫어하는가,사이페딘 아모스,터닝포인트,"15,300"
512,세계를 건너 너에게 갈게,이꽃님,문학동네,"12,150"
513,푸른 사자 와니니,이현,창비,"10,800"
514,자기 앞의 생,로맹 가리,문학동네,"14,400"
515,파인만의 여섯가지 물리 이야기,리처드 필립 파인만,승산,"10,800"
516,2025 강해준 경찰학 NEW 필기노트,강해준,새시대,"28,800"
517,자연은 계산하지 않는다,로빈 월 키머러,다산북스,"15,120"
518,노화 해방,장 마르크 르메트르,21세기북스,"17,910"
519,선재국어 독해야 산다 1일 1독,이선재,수비니겨,"14,400"
520,북두의 권 신장판 10,부론슨,학산문화사,"10,800"
521,귀신 저택,미야베 미유키,북스피어,"17,820"
522,CEO의 다이어리,스티븐 바틀렛,윌북(willbook),"17,820"
523,야무진 고양이는 오늘도 우울 10,야마다 히츠지,소미미디어,"7,200"
524,신세기 에반게리온 애장판 7,사다모토 요시유키,대원,"13,500"
525,현명한 투자자 1,벤저민 그레이엄,국일증권경제연구소,"25,200"
526,내 멋대로 빵빵빵빵,김지안,웅진주니어,"15,120"
527,사는 동안 틈틈이 행복합시다,박근호,히읏,"16,020"
528,룬의 아이들 - 블러디드 8,전민희,엘릭시르,"15,300"
529,"결국, 마음에 닿는 건 예쁜 말이다",윤설,페이지2북스,"15,750"
530,카구라바치 4 더블특전판,호카조노 타케루,대원,"5,850"
531,부모의 어휘력을 위한 66일 필사 노트,김종원,카시오페아,"19,800"
532,역사 쌤과 함께하는 한국사 도장 깨기 1. 서울 (전근대),허두영,라임,"13,320"
533,하우스메이드 2,프리다 맥파든,북플라자,"16,200"
534,초등 필수 고전 인문학 수업,임성훈,피카(FIKA),"16,200"
535,해외선물 처음공부,김직선,이레미디어,"22,500"
536,공간 인간,유현준,을유문화사,"17,550"
537,내 마음 다친 줄 모르고 어른이 되었다,김호성,온더페이지,"16,200"
538,배당성장주 투자 불변의 법칙,현영준(한라산불곰),체인지업,"17,820"
539,영어로 문장 만들기 훈련 2차 임계점,유은하,사람in,"21,600"
540,한석준의 대화의 기술,한석준,인플루엔셜,"16,200"
541,2025 단계별기출 핵심지문 박철한 경찰헌법 OX 시즌 3,박철한,법률저널,"31,500"
542,2025 에듀윌 고졸 검정고시 핵심총정리,김지상,에듀윌,"34,650"
543,불안 세대,조너선 하이트,웅진지식하우스,"22,320"
544,비폭력대화,마셜 로젠버그,한국NVC센터,"18,000"
545,느리게 나이 드는 습관,정희원,한빛라이프,"16,200"
546,작은 땅의 야수들,김주혜,다산책방,"16,200"
547,두고 온 여름,성해나,창비,"12,600"
548,이은경쌤의 초등어휘일력 365,이은경,포레스트북스,"16,920"
549,여름 키코,주하림,문학동네,"10,800"
550,두선생의 지도로 읽는 세계사 : 서양 편,한영준,21세기북스,"19,800"
551,부의 인문학 (20만부 기념 개정증보판),브라운스톤(우석),오픈마인드,"15,300"
552,몬스터 차일드,이재문,사계절,"12,420"
553,사피엔스 : 그래픽 히스토리 Vol.1,유발 하라리,김영사,"16,020"
554,지금 이대로 좋다,법륜,정토출판,"13,320"
555,해가 지는 곳으로,최진영,민음사,"12,600"
556,타이탄의 도구들 (블랙 에디션),팀 페리스,토네이도,"16,200"
557,몽실 언니,권정생,창비,"10,620"
558,브람스를 좋아하세요...,프랑수아즈 사강,민음사,"7,650"
559,이 카피 누가 쓴 거예요?,이태호,알에이치코리아(RHK),"16,200"
560,2026 심승아 Simtail 심플디테일 소방학개론,심승아,메가공무원(넥스트스터디),"35,100"
561,2026 해커스공무원 신민숙 쉬운국어 한 권으로 끝,신민숙,해커스공무원,"19,800"
562,"코믹 남녀의 우정은 성립할까? (아니, 하지 않아!!) 1",나나나 나나,소미미디어,"5,850"
563,이세계 유유자적 농가 13,나이토 키노스케,데이즈엔터,"9,000"
564,북두의 권 신장판 9,부론슨,학산문화사,"10,800"
565,더 화이팅 142,모리카와 죠지,학산문화사,"5,400"
566,소맥거핀의 인체 친구들 4,소맥거핀,위즈덤하우스,"13,320"
567,소맥거핀 특사전 1,소맥거핀,샌드박스스토리 키즈,"15,120"
568,화장품은 한국이 1등입니다,박종대,경향비피,"18,000"
569,Re : 제로부터 시작하는 이세계 생활 38,나가츠키 탓페이,데이즈엔터,"7,200"
570,찍히지 않습니다 1,코노시마 루카,소미미디어,"5,850"
571,가끔씩 툭하고 러시아어로 부끄러워하는 옆자리의 아랴 양 9,SUN SUN SUN,디앤씨미디어(D&C미디어),"7,650"
572,수능을 좌우하는 중학 국어 공부법,김민정,노르웨이숲,"18,900"
573,흔한남매 이상한 나라의 고전 읽기 7,최재훈,미래엔아이세움,"13,500"
574,중학 생활이 쉬워지는 초등 만능 문해력 전과,김선호,곰세마리,"17,820"
575,주술회전 29 더블특장판,아쿠타미 게게,서울미디어코믹스(서울문화사),"5,400"
576,빨간내복야코 어린이 상식 2 사자성어,빨간내복야코,아울북,"15,120"
577,서울대 공대 아빠의 수학 비밀 노트,이창준,비타북스(VITABOOKS),"17,550"
578,어른을 위한 고전의 숲,강경희,포레스트북스,"16,200"
579,이어령의 말,이어령,세계사,"19,800"
580,흔한남매 과학 탐험대 13 생식과 유전,흔한남매,주니어김영사,"13,320"
581,루리 드래곤 2,신도 마사오키,서울미디어코믹스(서울문화사),"5,400"
582,"세상을 보는 눈, 뉴스툰 1 동아시아",뉴스툰,펜타클,"13,770"
583,김재우의 구동사 100,김재우,상상스퀘어,"22,500"
584,찬란한 멸종,이정모,다산북스,"18,900"
585,2025 이기적 컴퓨터활용능력 2급 필기 기본서,홍태성,영진닷컴,"18,900"
586,외환전문역 1종 최종정리문제집,와우패스 교수진,와우패스,"21,600"
587,두 사람의 인터내셔널,김기태,문학동네,"15,120"
588,몰입 확장판,황농문,알에이치코리아(RHK),"22,500"
589,왜 당신은 다른 사람을 위해 살고 있는가,고윤,딥앤와이드,"12,600"
590,경제신문이 말하지 않는 경제 이야기,임주영,민들레북,"17,100"
591,그대는 나의 여름이 되세요,서덕준,위즈덤하우스,"15,300"
592,위기의 역사,오건영,페이지2북스,"25,200"
593,해커스 일본어 첫걸음 히라가나 가타카나 쓰기노트,해커스 일본어연구소,해커스어학연구소,"7,200"
594,당신의 세계는 아직도 바다와 빗소리와 작약을 취급하는지,김경미,민음사,"11,700"
595,영어회화 핵심패턴 233,백선엽,길벗이지톡,"16,200"
596,"오늘 밤, 세계에서 이 눈물이 사라진다 해도",이치조 미사키,모모,"12,600"
597,해커스 토익 실전 1000제 3 RC Reading (리딩) 문제집,해커스 어학연구소,해커스어학연구소,"10,710"
598,하루 한장 초등 영어 파닉스+발음기호,이문필,키즈프렌즈,"12,600"
599,프로젝트 헤일메리,앤디 위어,알에이치코리아(RHK),"19,800"
600,[예스리커버] 프레임,최인철,21세기북스,"19,800"
601,빅터 프랭클의 죽음의 수용소에서,빅터 프랭클,청아출판사,"11,700"
602,밥을 지어요,김혜경,김영사,"16,020"
603,바르톨로메는 개가 아니다,라헐 판 코에이,사계절,"11,700"
604,아홉 살 마음 사전,박성우,창비,"11,700"
605,재미있다! 한국사 4,구완회,창비,"11,700"
606,지금 알고 있는 걸 그때도 알았더라면,류시화,열림원,"9,000"
607,누구를 구할 것인가?,토머스 캐스카트,문학동네,"13,500"
608,한비자가 들려주는 상과 벌 이야기,임옥균,자음과모음,"12,330"
609,연인,마르그리트 뒤라스,민음사,"8,100"
610,아이들의 집,정보라,열림원,"15,300"
611,2026 심승아 Simple‧Detail 심테일 소방관계법규 1,심승아,메가공무원(넥스트스터디),"18,900"
612,2026 해커스경찰 조현 경찰학 기본서,조현,해커스경찰,"45,000"
613,호흡 리셋,신효상,이덴슬리벨(EAT&SLEEPWELL),"16,650"
614,커서 AI로 나만의 수익형 앱 서비스 만들기,빈센트,루비페이퍼,"25,200"
615,원 모어,유승민,인북,"17,820"
616,밤폭풍에 웃는다 3,츠츠이 이츠키,AK(에이케이 커뮤니케이션즈),"5,400"
617,고블린 슬레이어 외전 2 : 악명의 태도 下,카규 쿠모,디앤씨미디어(D&C미디어),"9,900"
618,2026 시나공 컴퓨터활용능력2급 필기 기본서,길벗알앤디,길벗,"19,800"
619,책보고 한국 중세사 복원 자료집,책보고,시민혁명,"35,100"
620,주문은 토끼입니까? 12 한정판,Koi,대원,"18,000"
621,감량 혁명,김희준,메가스터디북스,"18,000"
622,마도정병의 슬레이브 17,타카히로,대원,"5,400"
623,신기한 맛 도깨비 식당 9,김용세,꿈터,"12,600"
624,타키 포오 얼렁뚱땅 상식스쿨 6,캐릭온TV,대원씨아이(단행)(대원키즈),"12,600"
625,더 퍼스트,유나바머,위즈덤하우스,"17,820"
626,클래식 왜 안 좋아하세요?,권태영(탱로그),빅피시,"16,920"
627,흔한남매 세계사 탐험대 3 로마 제국,흔한남매,주니어김영사,"13,320"
628,천 번을 부서져도 그대는 여전히 바다다,정상교,스몰빅라이프,"16,200"
629,대통령 윤석열 탄핵 사건 선고 결정문,헌법재판소,더휴먼,"3,510"
630,별별 직업 상담소,요시타케 신스케,주니어김영사,"14,220"
631,히카루가 죽은 여름 5,모쿠모쿠렌,디앤씨미디어(D&C미디어),"5,850"
632,삶이 당신을 사랑한다는 걸 잊지 마세요,달리아 이정현,생각의힘,"16,020"
633,트럼프 시대의 지정학과 비트코인,오태민,거인의정원,"23,400"
634,나의 두 번째 교과서 X 이진우의 다시 만난 경제,이진우,페이지2북스,"17,820"
635,혼자서도 잘하는 첫 선 긋기,길벗놀이학습연구소,길벗스쿨,"6,750"
636,악마와 함께 춤을,크리스타 K. 토마슨,흐름출판,"17,100"
637,2025 시나공 컴퓨터활용능력 2급 필기 기출문제집,길벗알앤디,길벗,"11,700"
638,주아쌤의 툭 치면 탁 나오는 영어회화 (해외 여행 에디션),이정은,몽스북,"16,920"
639,부의 역설,강범구,국일미디어,"16,200"
640,기억 전달자,로이스 라우리,비룡소,"14,400"
641,해커스 하루 딱! 10분 일본어 일상 단어 (단어장),해커스 일본어연구소,해커스어학연구소,"13,500"
642,ETS 토익 정기시험 실전 1000 Vol. 1 RC(리딩),ETS,YBM(와이비엠),"17,820"
643,Do it! 점프 투 파이썬,박응용,이지스퍼블리싱,"19,800"
644,맡겨진 소녀,클레어 키건,다산책방,"11,700"
645,당연하게도 나는 너를,이꽃님,우리학교,"12,150"
646,주식투자 무작정 따라하기,윤재수,길벗,"20,700"
647,보이지 않는 곳에서 애쓰고 있는 너에게,최대호,떠오름,"9,720"
648,가능주의자,나희덕,문학동네,"10,800"
649,생각하라 그리고 부자가 되어라,나폴레온 힐,반니,"16,200"
650,부자의 그릇 (블랙 에디션),이즈미 마사토,다산북스,"15,300"
651,노희영의 브랜딩 법칙,노희영,21세기북스,"19,800"
652,시장과 가격 쫌 아는 10대,석혜원,풀빛,"11,700"
653,어떻게 민주주의는 무너지는가,스티븐 레비츠키,어크로스,"15,120"
654,회색 인간,김동식,요다,"11,700"
655,읽으면서 바로 써먹는 어린이 속담,한날,파란정원,"10,800"
656,슈독,필 나이트,사회평론,"19,800"
657,정의란 무엇인가,마이클 샌델,와이즈베리,"16,200"
658,달콤 쌉싸름한 초콜릿,라우라 에스키벨,민음사,"9,000"
659,수레바퀴 아래서,헤르만 헤세,민음사,"7,200"
660,2025 해커스 외환전문역 1종 최종핵심정리문제집,민영기,해커스금융,"22,500"
661,2025 유휘운 행정법총론 실전동형 모의고사,유휘운,메가공무원(넥스트스터디),"9,900"
662,지뢰 글리코,아오사키 유고,리드비(READbie),"16,380"
663,"큰별쌤 최태성의 별별한국사 시대별 기출문제집 한국사능력검정시험 심화(1,2,3급)",최태성,이투스북,"17,730"
664,한 권으로 끝내는 해커스 토익 900+ (LC+RC+VOCA),해커스 어학연구소,해커스어학연구소,"15,930"
665,문해력 격차,김지원,어크로스,"16,920"
666,후 Who? special 이재명,비타민,다산어린이,"14,400"
667,셀럽병사의 비밀,KBS 셀럽병사의 비밀 제작팀,교보문고,"16,920"
668,그냥 나로 살아도 괜찮아,천하이센,더페이지,"16,920"
669,아홉 살 환경 사전,박성우,창비,"14,220"
670,사람을 융합하라,한의상,경향신문사,"18,900"
671,웬만해선 죽을 수 없는 최고령 사교 클럽,클레어 풀리,책깃,"16,830"
672,바꿀 수 없는 것에 인생을 소모하지 마라,알베르트 키츨러,웅진지식하우스,"17,100"
673,혼자서도 잘하는 첫 숫자 쓰기 1,길벗놀이학습연구소,길벗스쿨,"6,750"
674,채사장의 지대넓얕 13 : 철학의 두 갈래,채사장,돌핀북,"13,500"
675,퇴마록 국내편 2,이우혁,반타,"19,800"
676,플팩의 상급지로 가는 대출력,플팩(강연옥),한국경제신문,"20,700"
677,프란시스코의 나비,프란시스코 히메네스,다른,"15,120"
678,생각의 도약,도야마 시게히코,페이지2북스,"16,200"
679,심장보다 단단한 토마토 한 알,고선경,열림원,"10,800"
680,불꽃 수영 대회,신현경,북스그라운드,"15,120"
681,2025 해커스경찰 갓대환 형사법 기본서 2 형사소송법(수사와 증거),김대환,해커스경찰,"25,200"
682,흔한남매 18,흔한남매,미래엔아이세움,"14,220"
683,조혜련의 잘 보이는 성경이야기,조혜련,오제이엔터스컴,"49,500"
684,2025 김민철 경찰학 핵심요약집,김민철,미래가치,"20,700"
685,비눗방울 퐁,이유리,민음사,"13,500"
686,빨간내복야코 어린이 상식 1 속담,빨간내복야코,아울북,"15,120"
687,팩트풀니스,안나 로슬링 뢴룬드,김영사,"21,420"
688,[예스리커버] 고전이 답했다 마땅히 살아야 할 삶에 대하여,고명환,라곰,"15,120"
689,더 좋은 문장을 쓰고 싶은 당신을 위한 필사책,이주윤,빅피시,"19,800"
690,빨간내복야코 맞춤법 절대 안 틀리는 책 2,빨간내복야코,위즈덤하우스,"12,600"
691,율의 시선,김민서,창비,"11,700"
692,히든 픽처스,제이슨 르쿨락,문학수첩,"12,600"
693,사피엔스 : 그래픽 히스토리 Vol.3 역사의 배후,유발 하라리,김영사,"17,820"
694,모모 MOMO,미하엘 엔데,비룡소,"19,800"
695,게으른 자를 위한 수상한 화학책,이광렬,블랙피쉬,"15,750"
696,감정 호텔,리디아 브란코비치,책읽는곰,"13,500"
697,빨간내복야코 맞춤법 절대 안 틀리는 책 1,빨간내복야코,위즈덤하우스,"12,600"
698,쇼펜하우어의 인생 수업,아르투어 쇼펜하우어,메이트북스,"13,410"
699,두부를 구우면 겨울이 온다,한여진,문학동네,"10,800"
700,우리를 세상의 끝으로,강정,문학동네,"10,800"
701,마법의 연금 굴리기,김성일,에이지21,"16,200"
702,ETS 토익 정기시험 실전 1000 Vol. 1 LC(리스닝),ETS,YBM(와이비엠),"17,820"
703,역행자 확장판,자청,웅진지식하우스,"17,550"
704,어른의 어휘력,유선경,앤의서재,"16,920"
705,파쇄,구병모,위즈덤하우스,"11,700"
706,어린이희곡 노잣돈 갚기 프로젝트,김진희,문학동네,"6,750"
707,워런 버핏의 주주 서한,워런 버핏,에프엔미디어,"28,800"
708,언젠가 우리가 같은 별을 바라본다면,차인표,해결책,"10,800"
709,해커스 일본어 JLPT N5 (일본어능력시험) 한 권으로 합격,해커스 JLPT 연구소,해커스어학연구소,"24,210"
710,왜 일하는가,이나모리 가즈오,다산북스,"14,400"
711,공정하다는 착각,마이클 샌델,와이즈베리,"16,200"
712,세상을 따뜻하게 만드는 착한 디자인 이야기,정유리,팜파스,"10,800"
713,어떻게 말해줘야 할까,오은영,김영사,"17,820"
714,회복탄력성,김주환,위즈덤하우스,"13,320"
715,지하로부터의 수기,표도르 도스토예프스키,민음사,"8,100"
716,카타리나 블룸의 잃어버린 명예,하인리히 뵐,민음사,"8,100"
717,눈물 상자,한강,문학동네,"9,000"
718,나의 라임 오렌지나무,J.M. 바스콘셀로스,동녘,"11,700"
719,차라투스트라는 이렇게 말했다,프리드리히 니체,민음사,"11,700"
720,허클베리 핀의 모험,마크 트웨인,민음사,"11,700"
721,2026 에듀윌 사회복지사1급 통합이론서+무료특강,손용근,에듀윌,"36,000"
722,2025 단기 합격 해커스공기업 NCS 통합 기본서(필수과목+전략과목+모의고사 5회분),윤종혁,해커스공기업,"24,300"
723,나를 아프게 한 말들이 모두 진실은 아니었다,마르쿠스 아우렐리우스,모티브,"16,020"
724,살롱 드 경성 2,김인혜,해냄,"18,900"
725,월 50만 원으로 8억 만드는 배당머신,평온,이나우스북스,"17,100"
726,Holoearth Chronicle Side : E 야마토 가상괴이담 1~2 합본판,커버 주식회사,디앤씨미디어(D&C미디어),"11,700"
727,주식회사 마지루미에 15,Sekka Iwata,서울미디어코믹스(서울문화사),"5,400"
728,옆자리의 양아치 시미즈 씨가 머리를 까맣게 염색해 왔다 3,테이카,AK(에이케이 커뮤니케이션즈),"8,100"
729,에필로그는 다정하게 씁니다,김영숙,브로북스,"15,120"
730,불안이 사르르 사라지는 그림책,이다랑,길벗,"15,120"
731,검을 든 꽃 1~4 세트,은소로,연담,"52,200"
732,반에서 두 번째로 귀여운 여자애와 친구가 되었다 3,타카타,데이즈엔터,"7,200"
733,S 수학도둑 1 : 미스터리한 소년의 등장,송도수,서울문화사,"14,220"
734,고백해도 되는 타이밍,황영미,우리학교,"12,600"
735,국어 실력을 키워주는 초등 신문,올바른초등교육연구소,길벗스쿨,"15,750"
736,격이 다른 마흔의 사소한 차이,클로이,딥앤와이드,"15,030"
737,"바당, 길을 걷다",이보경,밝은미래,"17,100"
738,국세청도 모르는 상속 증여의 기술,공찬규,알에이치코리아(RHK),"19,800"
739,2025 에듀윌 공인중개사 2차 기출응용 예상문제집 부동산공법,오시훈,에듀윌,"28,800"
740,2025 에듀윌 공인중개사 1차 기출응용 예상문제집 민법 및 민사특별법,심정욱,에듀윌,"28,800"
741,2025 에듀윌 공인중개사 1차 기출응용 예상문제집 부동산학개론,이영방,에듀윌,"28,800"
742,동공이 약사의 알찬 약국,동공이 약사,미래의창,"18,000"
743,"다 좋아질 거야, 행복이 쏟아질 만큼",길연우,북로망스,"17,820"
744,법의학자 유성호의 유언 노트,유성호,21세기북스,"17,910"
745,2025 심우철 실전 동형 모의고사 Season 3,심우철,심슨북스,"12,960"
746,타인에게 기대하지 않는 삶을 위한 안내서,외르크 베르나르디,필름,"16,650"
747,네버 라이,프리다 맥파든,밝은세상,"16,650"
748,만성질환 자연치료 식이요법 갭스 (GAPS diet),나타샤 캠벨,겸엑스,"29,700"
749,GO! 독학 스페인어 첫걸음,조혜진,시원스쿨닷컴,"15,120"
750,2025 운전면허 필기시험문제,도로교통공단,크라운출판사,"11,700"
751,2025 에듀윌 고졸 검정고시 5개년 기출문제집,김지상,에듀윌,"25,650"
752,말투만 바꿨을 뿐인데,김민성,프로파일러 북스,"16,020"
753,인생의 의미,토마스 힐란드 에릭센,더퀘스트,"16,920"
754,철학의 쓸모,로랑스 드빌레르,피카(FIKA),"16,920"
755,[예스리커버] 행복의 기원,서은국,21세기북스,"19,800"
756,빨모쌤의 라이브 영어회화 (특별 부록 한정판),신용하,웅진지식하우스,"19,800"
757,"[예스리커버] 꽃길이 따로 있나, 내 삶이 꽃인 것을",오평선,포레스트북스,"15,120"
758,날씨가 좋으면 찾아가겠어요,이도우,수박설탕,"15,300"
759,해커스 일본어 상용한자 2136,해커스 일본어연구소,해커스어학연구소,"21,600"
760,이은경쌤의 사자성어 속담 일력 365,이은경,포레스트북스,"19,800"
761,결혼·여름,알베르 까뮈,녹색광선,"19,800"
762,JLPT(일본어능력시험) 한권으로 끝내기 N5,이치우,다락원,"24,300"
763,불편한 편의점 2,김호연,나무옆의자,"15,120"
764,케이크와 맥주,윌리엄 서머싯 몸,민음사,"11,700"
765,군주론,니콜로 마키아벨리,현대지성,"6,930"
766,건전지 아빠,전승배,창비,"14,220"
767,주식투자 최적의 타이밍을 잡는 법,스탠 와인스타인,플로우,"19,800"
768,스토너 초판본,존 윌리엄스,알에이치코리아(RHK),"16,200"
769,오늘은 아무래도 덮밥,이마이 료,참돌,"3,870"
770,"칵테일, 러브, 좀비",조예은,안전가옥,"11,700"
771,인간 본성의 법칙,로버트 그린,위즈덤하우스,"28,800"
772,눈사람 자살 사건,최승호,달아실,"11,700"
773,지방 대사 켜는 스위치온 다이어트,박용우,루미너스,"14,400"
774,리틀 라이프 2,한야 야나기하라,시공사,"13,320"
775,[예스리커버] 어린 왕자,앙투안 드 생텍쥐페리,열린책들,"10,620"
776,진격의 거인 -후회없는 선택 2,이사야마 하지메,학산문화사,"5,400"
777,진격의 거인 -후회없는 선택 1,이사야마 하지메,학산문화사,"5,400"
778,국가는 왜 실패하는가,대런 아세모글루,시공사,"25,200"
779,변신 시골의사,프란츠 카프카,민음사,"7,650"
780,2025 알기사 정보보안기사(산업기사) 실기,정일영,지안에듀,"40,500"
781,기획자로 산다는 것,카카,길벗,"15,120"
782,거꾸로 읽는 교회사,최종원,복있는사람,"17,550"
783,SM 백합 XX 앤솔로지,시이츠키 쿠로,조은세상,"7,200"
784,쓰레기 기둥서방 하나 군은 죽고 싶어 해 1,아메코,대원,"5,850"
785,리더의 길을 묻다,마쓰시타 고노스케,지니의서재,"16,020"
786,어린이는 멀리 간다,김지은,창비,"15,120"
787,드래곤 퀘스트 다이의 대모험 -용사 아방과 옥염의 마왕- 9,산조 리쿠,대원,"5,400"
788,무엇도 홀로 존재하지 않는다,카를로 로벨리,쌤앤파커스,"16,650"
789,허영만의 주식 타짜 ― 슈퍼개미 이세무사,허영만,가디언,"15,120"
790,나와 맞지 않는 것을 하지 않는 것,요시모토 바나나,민음사,"14,400"
791,그물에 걸린 무지개 물고기,마르쿠스 피스터,시공주니어,"14,400"
792,만화 나 혼자만 레벨업 14 한정판,추공,디앤씨웹툰비즈,"34,200"
793,살아 있는 것은 아름답다,신경림,창비,"11,700"
794,2025 오직 간호대생을 위한 간호사 면접,주선희,홍지문,"24,750"
795,오가미 츠미키와 기일상 2 트리플 특전판,모리시타 미유,학산문화사,"5,400"
796,어른의 느슨함,와다 히데키,윌마,"15,120"
797,지금 이 순간을 살아라,에크하르트 톨레,양문,"17,820"
798,연매장,팡팡,문학동네,"15,750"
799,2025 에듀윌 공인중개사 2차 기출응용 예상문제집 공인중개사법령 및 중개실무,임선정,에듀윌,"27,900"
800,"네 꿈을 응원해, 권투 장갑!",유설화,책읽는곰,"13,500"
801,혼자의 시간으로 더 깊어지는 법에 관하여,레누카 가브라니,퍼스트펭귄,"16,020"
802,나답게 살고 싶어서 뇌과학을 읽습니다,이케가야 유지,포레스트북스,"16,920"
803,교사를 위한 챗GPT 업무활용 99제,최서연,테크빌교육,"18,000"
804,이상한 집 2,우케쓰,리드비(READbie),"16,200"
805,에그박사 14,에그박사,미래엔아이세움,"14,220"
806,소득혁명,브라이언 페이지,서삼독,"18,000"
807,처음 읽는 삼국지 1,이문열,미래엔아이세움,"13,950"
808,만화 나 혼자만 레벨업 13,추공,디앤씨웹툰비즈,"14,400"
809,천 번을 흔들리며 아이는 어른이 됩니다,김붕년,21세기북스,"16,020"
810,가난한 찰리의 연감,찰리 멍거,김영사,"29,700"
811,2025 에듀윌 전기 전기기능사 필기 한권끝장 (핵심이론+8개년 기출),유치형,에듀윌,"25,200"
812,비전공자도 이해할 수 있는 AI 지식,박상길,비즈니스북스,"17,820"
813,매직 스플릿,박성현,경이로움,"15,300"
814,나는 왜 남들보다 쉽게 지칠까,최재훈,서스테인,"16,020"
815,만화 나 혼자만 레벨업 11,추공,디앤씨웹툰비즈,"14,400"
816,메스를 든 사냥꾼,최이도,해피북스투유,"15,120"
817,생각이 너무 많은 어른들을 위한 심리학,김혜남,메이븐,"16,020"
818,[예스리커버] NEW 미꽃체 손글씨 노트,최현미,시원북스,"15,030"
819,10일 만에 끝내는 해커스 OPIc 오픽 Advanced 공략,해커스 오픽연구소,(주)해커스,"22,500"
820,나미야 잡화점의 기적,히가시노 게이고,현대문학,"13,050"
821,만일 내가 인생을 다시 산다면 (35만 부 기념 스페셜 에디션),김혜남,메이븐,"15,480"
822,이상한 집,우케쓰,리드비(READbie),"13,500"
823,새의 선물,은희경,문학동네,"14,400"
824,어디 있을까? 숨은그림찾기 1000,레이크 프레스,길벗스쿨,"7,920"
825,"어서 오세요, 휴남동 서점입니다",황보름,클레이하우스,"13,500"
826,사피엔스 : 그래픽 히스토리 Vol.2,유발 하라리,김영사,"17,820"
827,처음 읽는 그리스 로마 신화 5,최설희,미래엔아이세움,"10,800"
828,다정한 것이 살아남는다,브라이언 헤어,디플롯,"19,800"
829,"디바인 매트릭스, 느낌이 현실이 된다",그렉 브레이든,김영사,"14,220"
830,밝은 밤,최은영,문학동네,"13,950"
831,데일 카네기 인간관계론 + 자기관리론 + 성공대화론 (합본),데일 카네기,더스토리,"7,920"
832,"엄마, 나는 자라고 있어요",헤티 판 더 레이트,북폴리오,"19,800"
833,해커스톡 여행영어 10분의 기적,해커스 어학연구소,해커스어학연구소,"8,820"
834,슬픔을 공부하는 슬픔,신형철,한겨레출판,"14,400"
835,그리스도를 본받아,토마스 아 켐피스,브니엘,"9,000"
836,원칙 PRINCIPLES,레이 달리오,한빛비즈,"31,500"
837,자존감 수업,윤홍균,심플라이프,"15,300"
838,재미있다! 한국사 5,구완회,창비,"11,700"
839,생각의 비밀,김승호,황금사자,"12,600"
840,우리는 분위기를 사랑해,오은,문학동네,"10,800"
841,카라마조프 가의 형제들 세트,표도르 도스토예프스키,민음사,"23,400"
842,해리엇,한윤섭,문학동네,"11,250"
843,보도 섀퍼의 돈,보도 섀퍼,에포케,"15,030"
844,리얼리티 트랜서핑 1,바딤 젤란드,정신세계사,"9,900"
845,호밀밭의 파수꾼,제롬 데이비드 샐린저,민음사,"10,800"
846,거미 여인의 키스,마누엘 푸익,민음사,"11,700"
847,2025 해커스 외환전문역 2종 최종핵심정리문제집,해커스 금융아카데미,해커스금융,"22,500"
848,2026 선재국어 이렇게 나온다 신유형 공무원 국어,이선재,에스티유니타스,"16,200"
849,2025 에듀윌 산업안전기사 필기 한권끝장 [이론편+기출문제편],최창률,에듀윌,"35,100"
850,알사탕 제조법,백희나,스토리보울,"9,000"
851,살아남는 스토리는 무엇이 다른가,전혜정,웅진지식하우스,"16,200"
852,나는 어떻게 삶의 해답을 찾는가,고명환,라곰,"16,020"
853,방구석 미술관,조원재,블랙피쉬,"15,120"
854,사과가 쿵!,다다 히로시,보림,"9,900"
855,비밀 THE TOP SECRET season0 (12),시미즈 레이코,서울미디어코믹스(서울문화사),"6,300"
856,이세계는 스마트폰과 함께 30,후유하라 파토라,영상출판미디어,"9,000"
857,사망 유희로 밥을 먹는다. 4,우카이 유시,오팬하우스,"7,650"
858,입시를 책임지는 초3 수학 캠프,류승재,21세기북스,"19,800"
859,2026 시나공 컴퓨터활용능력1급 필기 기본서,길벗알앤디,길벗,"28,800"
860,5無 교회가 온다,황인권,ikp,"17,820"
861,속삭이듯 사랑을 노래하다 공식 코믹 앤솔로지,타케시마 에쿠,조은세상,"6,300"
862,2026 설보연 SANTA 교육학 단권화 Thin,설보연,계획된우연,"19,800"
863,ET 컨택트,지나 레이크,정신세계사,"13,500"
864,의젓한 사람들,김지수,양양하다,"18,900"
865,역사의 쓸모 (특별 합본판),최태성,프런트페이지,"31,500"
866,AI로 7일 만에 사업 시작하기,김다솔,길벗,"19,800"
867,백만장자 알고리즘,앤 마리 사바스,레디투다이브,"17,010"
868,단다단 17,타츠 유키노부,대원,"5,400"
869,2025 에듀윌 TESAT 회차별 기출문제집+무료특강,조시현,에듀윌,"25,200"
870,AI 텐베거 투자,이형수,지베르니,"35,010"
871,2026 SO NICE 백소나 소방학개론,백소나,더나은,"35,100"
872,백앤아 9,백앤아,샌드박스스토리 키즈,"15,120"
873,건강지속력,조셉킴,보리,"16,200"
874,지리의 힘 3,팀 마샬,사이,"18,900"
875,소설 보다: 봄 2025,강보라,문학과지성사,"4,950"
876,강남 아파트 인사이트,오스틀로이드,진서원,"25,200"
877,열두 살에 부자가 된 키라 1 : 부자가 되는 습관,보도 섀퍼,미래엔아이세움,"13,500"
878,2025 프로야구 가이드북,나유리,브레인스토어(BRAINstore),"25,200"
879,퇴마록 소장판 전권 세트,이우혁,반타,"336,600"
880,2025 권규호 공무원 국어 신유형 봉투 모의고사,권규호,권규호언어연구실,"9,900"
881,"다시, 공부머리 독서법",최승필,책구루,"17,100"
882,실리콘밸리 프로세스의 힘,신재은,더퀘스트,"18,900"
883,꼭 그런 건 아니야,매튜 매커너히,서삼독,"15,030"
884,2025 수제비 정보처리기사 실기 FINAL 실전 모의고사,윤영빈,건기원,"28,800"
885,말하고 싶은 비밀 Vol.3,사쿠라 이이요,모모,"15,120"
886,2025 에듀윌 공인중개사 1차 단원별 기출문제집 민법 및 민사특별법,심정욱,에듀윌,"21,600"
887,원피스 ONE PIECE 110,오다 에이이치로,대원,"5,400"
888,리얼 이탈리아,양미석,한빛라이프,"18,900"
889,2025 해커스경찰 갓대환 형사법 기본서 1 형법,김대환,해커스경찰,"40,500"
890,2025 에듀윌 위험물산업기사 실기 2주끝장,최창률,에듀윌,"24,300"
891,살아 있는 자들을 위한 죽음 수업,이호,웅진지식하우스,"16,650"
892,멜로우TV 2 : 어쩌다 게임 오버?!,멜로우 TV,학산문화사(단행본),"15,120"
893,AI 2025 트렌드&활용백과,김덕진,스마트북스,"22,500"
894,주님으로부터,임은미,규장,"15,300"
895,5일 만에 끝내는 토익스피킹 실전 모의고사 20회,황인기,시원스쿨닷컴,"17,010"
896,고양이 해결사 깜냥 7,홍민정,창비,"12,600"
897,태도에 관하여 (20만 부 기념 완결판),임경선,토스트,"16,200"
898,2025 해커스경찰 갓대환 형사법 기출총정리 세트,김대환,해커스경찰,"81,900"
899,우연은 비켜 가지 않는다,줄리언 반스,다산책방,"15,750"
900,2025 에듀윌 고졸 검정고시 기본서 과학,김샛별,에듀윌,"18,450"
901,사랑과 결함,예소연,문학동네,"14,850"
902,장수탕 선녀님,백희나,스토리보울,"13,500"
903,일류의 조건,사이토 다카시,필름,"17,820"
904,[예스리커버] 나를 소모하지 않는 현명한 태도에 관하여,마티아스 뇔케,퍼스트펭귄,"16,020"
905,서울 자가에 대기업 다니는 김 부장 이야기 합본호 (30만 부 기념 한정판),송희구,서삼독,"35,100"
906,오픽노잼,오픽노잼,PAGODA Books,"23,400"
907,달러 투자 무작정 따라하기,박성현,길벗,"20,700"
908,가장 아끼는 너에게 주고 싶은 말(블루밍 에디션),도연화,부크럼,"14,400"
909,흔들릴 줄 알아야 부러지지 않는다,김정호,달콤북스,"15,120"
910,끝까지 남겨두는 그 마음,나태주,북로그컴퍼니,"15,120"
911,도둑맞은 집중력,요한 하리,어크로스,"16,920"
912,저는 많이 보고 있어요,안미옥,문학동네,"10,800"
913,일본어 문법 무작정 따라하기,후지이 아사리,길벗이지톡,"23,400"
914,천사를 거부하는 우울한 연인에게,양안다,문학동네,"10,800"
915,해커스 토익 실전 1000제 1 LC Listening (리스닝) 문제집,해커스 어학연구소,해커스어학연구소,"10,710"
916,해커스 토익 실전 1000제 1 RC Reading (리딩) 문제집,해커스 어학연구소,해커스어학연구소,"10,710"
917,읽으면서 바로 써먹는 어린이 급수 한자 6·7·8급,한날,파란정원,"11,700"
918,아버지의 해방일지,정지아,창비,"13,500"
919,그림 그리기가 이토록 쉬울 줄이야,이기주,스몰빅라이프,"16,200"
920,넛지: 파이널 에디션,리처드 탈러,리더스북,"19,800"
921,2주 만에 끝내는 해커스 지텔프(G-TELP) 문법 Level 2,해커스 어학연구소,해커스어학연구소,"17,010"
922,JLPT(일본어능력시험) 한권으로 끝내기 N4,이치우,다락원,"24,300"
923,만화로 보는 3분 철학 1,김재훈,카시오페아,"14,400"
924,라오어의 미국주식 무한매수법,라오어,알키,"14,400"
925,콰이어트 (10주년 스페셜 에디션),수전 케인,알에이치코리아(RHK),"16,200"
926,컬러 몬스터,아나 예나스,청어람아이(청어람미디어),"13,500"
927,여름 언덕에서 배운 것,안희연,창비,"11,700"
928,머더봇 다이어리 : 시스템 통제불능,마샤 웰스,알마,"13,500"
929,담을 넘은 아이,김정민,비룡소,"12,600"
930,종의 기원,찰스 로버트 다윈,사이언스북스,"19,800"
931,스크루테이프의 편지,C. S. 루이스,홍성사,"11,700"
932,당신이 옳다,정혜신,해냄,"15,750"
933,세상에서 제일 재밌는 종이접기,이원표,슬로래빗,"12,600"
934,하루 5분 아침 일기,인텔리전트 체인지,심야책방,"17,820"
935,당신 인생의 이야기,테드 창,엘리,"15,300"
936,할머니의 여름휴가,안녕달,창비,"12,600"
937,리틀 라이프 1,한야 야나기하라,시공사,"13,320"
938,10대를 위한 JUSTICE 정의란 무엇인가,마이클 샌델,미래엔아이세움,"10,800"
939,어느 외계인의 인류학 보고서,이경덕,사계절,"12,600"
940,지킬 박사와 하이드 씨,로버트 루이스 스티븐슨,비룡소,"11,700"
941,투자에 대한 생각,하워드 막스,비즈니스맵,"13,500"
942,람타 화이트북,람타,아이커넥,"19,800"
943,월든,헨리 데이비드 소로우,은행나무,"11,700"
944,2026 이유진 국어 독해 알고리즘 라이트,이유진,에스티유니타스,"12,600"
945,2025 해커스 전산세무 2급 한권합격 이론+실무+최신기출 12회분+무료특강,이남호,해커스금융,"28,800"
946,독끝 NCS 문제해결능력 자원관리능력 460제,길잡이연구소,애드투북스,"29,700"
947,2025 치과보험청구사 3급 실무이론,대한치과건강보험협회,군자출판사,"28,500"
948,2025 흥달쌤의 정보처리기사 실기 세트,이흥직,에듀콕스,"33,300"
949,2025 이기적 빅데이터분석기사 필기 기본서,나홍석,영진닷컴,"29,700"
950,레고 이야기,옌스 안데르센,민음사,"21,600"
951,5년 후 10배 오를 바이오 기업에 투자하라,이해진,경이로움,"27,000"
952,기꺼이 소란하고 다정하기로 해,조수연,코리아닷컴(Korea.com),"15,750"
953,딸기를 먹을 때는 울지 않기로 해,류라이,자크드앙,"17,100"
954,학종 시대 서울대 가는 공부 로드맵,진동섭,포르체,"18,000"
955,윈드 브레이커 공식 캐릭터북 극비 노트,니이 사토루,리디,"9,000"
956,2025 재경관리사 기출문제집,삼일회계법인,삼일인포마인,"25,650"
957,어른의 관계에는 마침표가 없다,김재식,위즈덤하우스,"15,750"
958,매월 알찬 집밥,전혜진,용감한까치,"22,500"
959,이스라엘과 그 적들,최홍섭,W미디어,"17,100"
960,사카모토 홀리데이즈 1,스즈키 유우토,대원,"5,850"
961,애리의 인생 레시피,장애리,겸엑스,"24,300"
962,일억 번째 여름,청예,창비,"14,400"
963,AI는 인간을 먹고 자란다,마크 그레이엄,흐름출판,"21,600"
964,맹자 인생수업 : 세상의 소란 속에서 나를 지키는 50가지 맹자의 가르침,맹자,하이스트,"15,750"
965,옆자리 고양이와 순수남 2,아키노코,디앤씨미디어(D&C미디어),"5,850"
966,2025/26 똑똑한은경쌤 손해평가사 2차 문제집,한은경,직업상점,"31,500"
967,거의 모든 상태 표현의 영어,서영조,사람in,"19,800"
968,변호사 어벤저스 6,고희정,가나출판사,"14,220"
969,주니어 백엔드 개발자가 반드시 알아야 할 실무 지식,최범균,한빛미디어,"25,200"
970,2025 이유진 군무원 국어 화제의 모의고사 (봉투형),이유진,고시동네,"15,300"
971,후 Who? special 김도영,김한조,다산어린이,"13,500"
972,나태한 완벽주의자,피터 홀린스,넥서스BIZ,"13,500"
973,2025 에듀윌 공인중개사 2차 기출응용 예상문제집 부동산세법,한영규,에듀윌,"27,000"
974,슈뻘맨 무인 편의점 히어로 1,슈뻘맨,샌드박스스토리 키즈,"15,120"
975,설민석의 그리스 로마 신화 대모험 11,설민석,단꿈아이,"13,500"
976,"삶의 실력, 장자",최진석,위즈덤하우스,"17,820"
977,2025 김민철 경찰학 기출 1000제,김민철,미래가치,"28,800"
978,리와인드 베이커리,범유진,슈크림북,"12,600"
979,지박소년 하나코 군 23 일반판,아이다이로,서울미디어코믹스(서울문화사),"5,400"
980,현직 교사가 만든 업무자동화를 원하는 교사를 위한 찐 실전 챗GPT 생성형 AI 수업 업무 대혁명 - 1시간 걸리는 일을 단 10분안에 끝내기,손지선,광문각출판미디어,"14,400"
981,시계탕,권정민,웅진주니어,"15,120"
982,2025 해커스공무원 FINAL 봉투모의고사 영어 8회분,해커스 공무원시험연구소,해커스공무원,"9,900"
983,2025 해커스공무원 FINAL 봉투모의고사 국어,해커스 공무원시험연구소,해커스공무원,"10,800"
984,꾸준함의 기술,이노우에 신파치,알에이치코리아(RHK),"17,100"
985,버진 수어사이드,제프리 유제니디스,민음사,"13,500"
986,아이의 행동이 저절로 바뀌는 훈육의 정석,김보경,빅피시,"16,920"
987,빨간내복야코 안 읽으면 완전 위험한 과학책 2,빨간내복야코,위즈덤하우스,"13,500"
988,위풍당당 여우 꼬리 6,손원평,창비,"13,500"
989,타키 포오 코믹 어드벤처 7,캐릭온TV,대원씨아이(단행)(대원키즈),"13,050"
990,미로 속 아이,기욤 뮈소,밝은세상,"16,650"
991,경제기사 궁금증 300문 300답,곽해선,혜다,"23,400"
992,한강 스페셜 에디션,한강,문학동네,"42,120"
993,린치핀,세스 고딘,필름,"21,420"
994,2025 시나공 정보처리기능사 필기 기본서,길벗알앤디,길벗,"18,000"
995,2025 시나공 정보처리기사 필기 기본서,길벗알앤디,길벗,"31,500"
996,나는 미국 월배당 ETF로 40대에 은퇴한다,최영민,지음미디어,"16,920"
997,즐거운 어른 (스페셜 양장본),이옥선,이야기장수,"15,120"
998,처음 읽는 그리스 로마 신화 12,최설희,미래엔아이세움,"13,950"
999,너의 여름에 내가 닿을게,안세화,창비교육,"13,050"
